{"cameraMode":{"drawMode":0,"name":"Shaded","section":"Shading Mode"},"sceneLighting":false,"audioPlay":false,"sceneViewState":{"m_AlwaysRefresh":false,"showFog":true,"showSkybox":false,"showFlares":true,"showImageEffects":true,"showParticleSystems":true,"showVisualEffectGraphs":true,"m_FxEnabled":true},"in2DMode":false,"pivot":{"x":-0.6556358337402344,"y":-0.15662431716918946,"z":0.5959372520446777},"rotation":{"x":0.2900274693965912,"y":-0.022988323122262956,"z":0.006814975757151842,"w":0.9568143486976624},"size":1.333012580871582,"orthographic":false}