{"cameraMode":{"drawMode":0,"name":"Shaded","section":"Shading Mode"},"sceneLighting":false,"audioPlay":false,"sceneViewState":{"m_AlwaysRefresh":false,"showFog":true,"showSkybox":false,"showFlares":true,"showImageEffects":true,"showParticleSystems":true,"showVisualEffectGraphs":true,"m_FxEnabled":true},"in2DMode":false,"pivot":{"x":-0.26692861318588259,"y":0.19177886843681336,"z":0.248392254114151},"rotation":{"x":-0.016923094168305398,"y":0.6075103878974915,"z":-0.01294800080358982,"w":-0.7940244674682617},"size":0.47887012362480166,"orthographic":false}