{"cameraMode":{"drawMode":0,"name":"Shaded","section":"Shading Mode"},"sceneLighting":false,"audioPlay":false,"sceneViewState":{"m_AlwaysRefresh":false,"showFog":true,"showSkybox":false,"showFlares":true,"showImageEffects":true,"showParticleSystems":true,"showVisualEffectGraphs":true,"m_FxEnabled":true},"in2DMode":false,"pivot":{"x":1.0672249794006348,"y":0.5627148151397705,"z":-0.26786544919013979},"rotation":{"x":-0.10890450328588486,"y":-0.7583101391792297,"z":0.13116534054279328,"w":-0.6293013095855713},"size":0.36254000663757326,"orthographic":false}