{"cameraMode":{"drawMode":0,"name":"Shaded","section":"Shading Mode"},"sceneLighting":true,"audioPlay":false,"sceneViewState":{"m_AlwaysRefresh":false,"showFog":true,"showSkybox":true,"showFlares":true,"showImageEffects":true,"showParticleSystems":true,"showVisualEffectGraphs":true,"m_FxEnabled":true},"in2DMode":false,"pivot":{"x":0.9027571082115173,"y":-1.3637274503707886,"z":-0.07239869236946106},"rotation":{"x":0.17006486654281617,"y":0.675058126449585,"z":-0.16445502638816834,"w":0.6989662051200867},"size":1.4134743213653565,"orthographic":false}