{"cameraMode":{"drawMode":0,"name":"Shaded","section":"Shading Mode"},"sceneLighting":false,"audioPlay":false,"sceneViewState":{"m_AlwaysRefresh":false,"showFog":true,"showSkybox":false,"showFlares":true,"showImageEffects":true,"showParticleSystems":true,"showVisualEffectGraphs":true,"m_FxEnabled":true},"in2DMode":false,"pivot":{"x":1.0394705533981324,"y":0.4790129065513611,"z":0.0019261687994003296},"rotation":{"x":-0.11762423068284989,"y":-0.647367537021637,"z":0.10198955982923508,"w":-0.7461884617805481},"size":0.6625400185585022,"orthographic":false}