{"cameraMode":{"drawMode":0,"name":"Shaded","section":"Shading Mode"},"sceneLighting":false,"audioPlay":false,"sceneViewState":{"m_AlwaysRefresh":false,"showFog":true,"showSkybox":false,"showFlares":true,"showImageEffects":true,"showParticleSystems":true,"showVisualEffectGraphs":true,"m_FxEnabled":true},"in2DMode":false,"pivot":{"x":-0.1648266315460205,"y":-0.1077982485294342,"z":0.767998218536377},"rotation":{"x":0.0870680883526802,"y":-0.05823937803506851,"z":0.0049474118277430538,"w":0.9945781826972961},"size":1.0330126285552979,"orthographic":false}