{"cameraMode":{"drawMode":0,"name":"Shaded","section":"Shading Mode"},"sceneLighting":false,"audioPlay":false,"sceneViewState":{"m_AlwaysRefresh":false,"showFog":true,"showSkybox":false,"showFlares":true,"showImageEffects":true,"showParticleSystems":true,"showVisualEffectGraphs":true,"m_FxEnabled":true},"in2DMode":false,"pivot":{"x":-0.08980078995227814,"y":-0.4999997615814209,"z":-0.03575865924358368},"rotation":{"x":0.1441415399312973,"y":0.6887131333351135,"z":-0.1428171545267105,"w":0.6962007284164429},"size":0.5134742856025696,"orthographic":false}