{"cameraMode":{"drawMode":0,"name":"Shaded","section":"Shading Mode"},"sceneLighting":false,"audioPlay":false,"sceneViewState":{"m_AlwaysRefresh":false,"showFog":true,"showSkybox":false,"showFlares":true,"showImageEffects":true,"showParticleSystems":true,"showVisualEffectGraphs":true,"m_FxEnabled":true},"in2DMode":false,"pivot":{"x":-0.008963026106357575,"y":0.048356980085372928,"z":0.24623847007751466},"rotation":{"x":0.2976508140563965,"y":-0.1227303072810173,"z":0.03852860629558563,"w":0.9460456371307373},"size":0.2660253643989563,"orthographic":false}