{"cameraMode":{"drawMode":0,"name":"Shaded","section":"Shading Mode"},"sceneLighting":false,"audioPlay":false,"sceneViewState":{"m_AlwaysRefresh":false,"showFog":true,"showSkybox":false,"showFlares":true,"showImageEffects":true,"showParticleSystems":true,"showVisualEffectGraphs":true,"m_FxEnabled":true},"in2DMode":false,"pivot":{"x":0.02882968820631504,"y":-0.07982473075389862,"z":0.12624411284923554},"rotation":{"x":0.3749317228794098,"y":0.009782476350665093,"z":-0.00385973509401083,"w":0.9270797371864319},"size":0.16522514820098878,"orthographic":false}