{"cameraMode":{"drawMode":0,"name":"Shaded","section":"Shading Mode"},"sceneLighting":false,"audioPlay":false,"sceneViewState":{"m_AlwaysRefresh":false,"showFog":true,"showSkybox":false,"showFlares":true,"showImageEffects":true,"showParticleSystems":true,"showVisualEffectGraphs":true,"m_FxEnabled":true},"in2DMode":false,"pivot":{"x":0.1999942809343338,"y":-0.1262742280960083,"z":0.0498049259185791},"rotation":{"x":0.4034156799316406,"y":0.13784688711166383,"z":-0.06151216849684715,"w":0.9025699496269226},"size":0.4652251601219177,"orthographic":false}