{"cameraMode":{"drawMode":0,"name":"Shaded","section":"Shading Mode"},"sceneLighting":false,"audioPlay":false,"sceneViewState":{"m_AlwaysRefresh":false,"showFog":true,"showSkybox":false,"showFlares":true,"showImageEffects":true,"showParticleSystems":true,"showVisualEffectGraphs":true,"m_FxEnabled":true},"in2DMode":false,"pivot":{"x":-0.5724973082542419,"y":-0.20353233814239503,"z":0.5664147734642029},"rotation":{"x":0.30300045013427737,"y":-0.002881597727537155,"z":0.0007623277488164604,"w":0.9530825614929199},"size":0.4330126941204071,"orthographic":false}